,N198G,V266G,WT1,WT2,G394A,A405H,V266T,A269K,A102Y,I164T,BiCarbTitrVals
0,0.017188887111796974,0.029777404349664822,0.04948853082288502,0.05132202146127083,0.08565181694048754,0.10749307694420102,0.13176743001556254,0.00481711944773728,0.08096943034837988,0.003924213555374581,0.41600000000000004
1,0.05158504235693111,0.033549741511939596,0.18898558160841294,0.190833838991769,0.19945165045403096,0.129099924655135,0.3389494224420362,0.03858718626014849,0.3153100525161413,0.007857753861141502,1.9276544000000002
2,0.09470743672704002,0.05955312224795652,0.2732105935697437,0.2726192918163068,0.2284048451746651,0.17253259075967697,0.434227455040575,0.07255362675072108,0.41998124421346344,0.0236013423770044,2.9354240000000003
3,0.12059438317379294,0.11162006031596024,0.38678021263450374,0.38678647444704833,0.2280614586836796,0.225440781624255,0.5752445706566356,0.1593002830697617,0.6786229923929767,0.04705724045770855,4.61504
4,0.2075399850468523,0.2233434545996877,0.5185663850753026,0.5167271638452895,0.3718038147130374,0.33424627614317337,0.7057742002798078,0.31885164147709666,0.8718890756841051,0.1101753324760564,7.4144000000000005
5,0.3450185264989612,0.37341794720158544,0.662556358155995,0.6653299257323672,0.49893806178057193,0.4534505183599286,0.8676221610922281,0.5313883091613437,1.0,0.21157954559543563,12.08
6,0.4818342772168241,0.5869484818553634,0.7799698952660211,0.7839625934564848,0.5995818295823095,0.528319304788355,0.9596198086231418,0.7463369766042294,0.9850742500266176,0.35264825414514805,19.856
7,0.7046534084373445,0.7698880854893694,0.8905572290929984,0.9073449145994391,0.7146787756186221,0.6572947965597341,1.0,0.8669056453587686,0.9047689949740483,0.5495104169281514,32.816
8,0.8787788186451444,0.8970261717409604,0.9602688630513748,0.9737592049011717,0.8575650153343514,0.7755464274444367,0.9004330301267841,0.9257674057705862,0.8467704959185626,0.7798605098706253,54.416
9,0.9903484938369617,0.8671919715577777,1.0,1.0,0.8566196366239239,0.7539806890911855,0.9788700264576337,1.0,0.7674786741812756,0.9416639832811886,90.416
10,1.0,1.0,0.9858429230673251,0.9894993420143766,1.0,1.0,0.8187037241424256,0.9359757849660443,0.6631828316955738,1.0,150.416
